Case ID,Activity
10009138,01_HOOFD_010
10009138,01_HOOFD_011
10009138,01_HOOFD_020
10009138,02_DRZ_010
10009138,04_BPT_005
10009138,01_HOOFD_065_0
10009138,01_HOOFD_110_0
10009138,01_HOOFD_100_0
10009138,01_HOOFD_015
10009138,01_HOOFD_061
10009138,01_HOOFD_101
10009138,01_HOOFD_030_1
10009138,01_HOOFD_030_2
10009138,08_AWB45_005
10009138,01_HOOFD_200
10009138,01_HOOFD_330
10009138,09_AH_I_010
10009138,01_HOOFD_380
10009138,01_HOOFD_430
10009138,11_AH_II_010
10009138,13_CRD_010
10009138,01_HOOFD_480
10009138,01_HOOFD_490_2
10009138,01_HOOFD_491
10009138,01_HOOFD_180
10009138,01_HOOFD_494a
10009138,01_HOOFD_490_4
10009138,01_HOOFD_195
10009138,01_HOOFD_375
10009138,01_HOOFD_490_1
10009138,01_HOOFD_250_1
10009138,01_HOOFD_370
10009138,01_HOOFD_250_2
10009138,01_HOOFD_490_1a
10009138,01_HOOFD_500
10009138,01_HOOFD_510_0
10009138,01_HOOFD_510_1
10009138,01_HOOFD_490_5
10009138,01_HOOFD_510_3
10009138,01_HOOFD_490_5a
10009138,01_HOOFD_495
10009138,01_HOOFD_510_4
10009138,01_HOOFD_515
10009138,01_HOOFD_510_2
10009138,01_HOOFD_510_2a
10051383,01_HOOFD_065_0
10051383,01_HOOFD_110_0
10051383,01_HOOFD_100_0
10051383,01_HOOFD_011
10051383,01_HOOFD_020
10051383,02_DRZ_010
10051383,04_BPT_005
10051383,01_HOOFD_010
10051383,01_HOOFD_061
10051383,01_HOOFD_015
10051383,01_HOOFD_030_1
10051383,01_HOOFD_101
10051383,01_HOOFD_030_2
10051383,08_AWB45_005
10051383,08_AWB45_010
10051383,08_AWB45_020_0
10051383,01_HOOFD_180
10051383,08_AWB45_020_1
10051383,08_AWB45_025
10051383,08_AWB45_020_2
10051383,08_AWB45_030
10051383,08_AWB45_040
10051383,08_AWB45_045
10051383,01_HOOFD_193
10051383,08_AWB45_051_0
10051383,01_HOOFD_196
10051383,01_HOOFD_200
10051383,01_HOOFD_330
10051383,09_AH_I_010
10051383,01_HOOFD_380
10051383,01_HOOFD_430
10051383,11_AH_II_010
10051383,13_CRD_010
10051383,01_HOOFD_480
10051383,01_HOOFD_490_2
10051383,01_HOOFD_491
10051383,01_HOOFD_500
10051383,01_HOOFD_510_0
10051383,08_AWB45_005
10051383,01_HOOFD_510_4
10051383,01_HOOFD_495
10051383,01_HOOFD_375
10051383,01_HOOFD_515
10051383,01_HOOFD_370
10051383,01_HOOFD_490_4
10051383,01_HOOFD_490_1
10051383,01_HOOFD_250_2
10051383,01_HOOFD_250_1
10051383,01_HOOFD_510_1
10051383,01_HOOFD_490_1a
10051383,01_HOOFD_510_3
10051383,01_HOOFD_494a
10051383,01_HOOFD_195
10051383,01_HOOFD_510_2a
10051383,01_HOOFD_490_5
10051383,01_HOOFD_490_5a
10051383,01_HOOFD_510_2
